

INSERT INTO "Cliente" values(
121,'João Rosário',910000001,'jbr@feup.pt'
);

INSERT INTO "Cliente" values(
122,'Hugo Trindade',910000002,'ht@feup.pt'
);

INSERT INTO "Cliente" values(
123,'Jorge Costa',910000003,'jc@feup.pt'
);

INSERT INTO "Cliente" values(
124,'Ana Silva',910000004,'as@feup.pt'
);

INSERT INTO "Cliente" values(
125,'Ana Costa',910000005,'ac@feup.pt'
);

INSERT INTO "Cliente" values(
126,'Beatriz Ferreira',910000006,'bf@feup.pt'
);

INSERT INTO "Cliente" values(
127,'Abel Almeida',910000007,'aa@feup.pt'
);

INSERT INTO "Cliente" values(
128,'Manuel Silva',910000008,'ms@feup.pt'
);

INSERT INTO "Cliente" values(
129,'Pedro Nunes',910000009,'pn@feup.pt'
);

INSERT INTO "Cliente" values(
1210,'Bernardo Couto',910000010,'bc@feup.pt'
);

INSERT INTO "Cliente" values(
1211,'Rui Araújo',910000011,'ra@feup.pt'
);

INSERT INTO "Cliente" values(
1212,'Inês Ferreira',910000012,'if@feup.pt'
);

INSERT INTO "Cliente" values(
1213, 'Fabiano Abreu',910000014,'fa@feup.pt'
);

INSERT INTO "Cliente" values(
1214,'Ernesto Coutinho',910000014,'ec@feup.pt'
);

INSERT INTO "Cliente" values(
1215,'Kevin Melo',910000015,'kv@feup.pt'
);

INSERT INTO "Cliente" values(
1216,'Nicodemo Queiros',910000016,'nq@feup.pt'
);

INSERT INTO "Cliente" values(
1217,'Eulália Rocha',910000017,'er@feup.pt'
);

INSERT INTO "Cliente" values(
1218,'Guiomar Fernandes',910000018,'gf@feup.pt'
);

INSERT INTO "Cliente" values(
1219,'Gertrudes Paiva',910000019,'gp@feup.pt'
);

INSERT INTO "Cliente" values(1220,'Mariana Roque',910000020,'mr@feup.pt');

INSERT INTO "Acompanhante" values(
131 , "Íris Torres");;

INSERT INTO "Acompanhante" values(
132 , "Sandro Valente");
INSERT INTO "Acompanhante" values(
133 , "Íris Faria");
INSERT INTO "Acompanhante" values(
134 , "Roberto Braga");
INSERT INTO "Acompanhante" values(
135 , "Adriana Nascimento");
INSERT INTO "Acompanhante" values(
136 , "Brígida Rosa");
INSERT INTO "Acompanhante" values(
137 , " Noemí Pereira ");
INSERT INTO "Acompanhante" values(
138 , "Mariana Roque");
INSERT INTO "Acompanhante" values(
139 , "Rebeca Medeiros");
INSERT INTO "Acompanhante" values(
1310 , "Telma Moniz");
INSERT INTO "Acompanhante" values(
1311 , "Adelina Carriço");
INSERT INTO "Acompanhante" values(
1312 , "Teobaldo Coimbra");
INSERT INTO "Acompanhante" values(
1313 , "Cleto Queiros");
INSERT INTO "Acompanhante" values(
1314 , "Teófilo Ávila");
INSERT INTO "Acompanhante" values(
1315 , "Henrique Câmara");
INSERT INTO "Acompanhante" values(
1316 , "Carmo Sequeira");
INSERT INTO "Acompanhante" values(
1317 , "Nico Lobo");
INSERT INTO "Acompanhante" values(
1318 , "Olavo Tavares");
INSERT INTO "Acompanhante" values(
1319 , "Henrique Vaz");
INSERT INTO "Acompanhante" values(
1320 , "Carlota Coelho");

insert into "Funcionario" values (111, 'Amerigo Myers', '994139993', 'amyers0@utexas.edu', '899-62-4550', 'Ar');
insert into "Funcionario" values (112, 'Ezra Lethabridge', '907602327', 'elethabridge1@edublogs.org', '194-78-2724', 'Ar');
insert into "Funcionario" values (113, 'Roi Battisson', '947160453', 'rbattisson2@comsenz.com', '457-95-5290', 'Ar');
insert into "Funcionario" values (114, 'Danyette Manville', '941360299', 'dmanville3@nps.gov', '548-77-0811', 'Ar');
insert into "Funcionario" values (115, 'Lusa Forker', '903315417', 'lforker4@auda.org.au', '235-26-1060', 'Ar');
insert into "Funcionario" values (116, 'Catriona Turtle', '948869259', 'cturtle5@163.com', '147-89-4331', 'Ar');
insert into "Funcionario" values (117, 'Winnifred Huntar', '970686065', 'whuntar6@google.de', '109-94-7805', 'Ar');
insert into "Funcionario" values (118, 'Marylou Kinchlea', '906659067', 'mkinchlea7@fda.gov', '484-47-6034', 'Ar');
insert into "Funcionario" values (119, 'Lamond Dandison', '954993884', 'ldandison8@trellian.com', '440-09-3492', 'Ar');
insert into "Funcionario" values (1110, 'Juliana Oxborrow', '954286199', 'joxborrow9@ask.com', '727-70-9742', 'Ar');
insert into "Funcionario" values (1111, 'Otes Moorwood', '941923836', 'omoorwooda@shareasale.com', '112-66-3050', 'Ar');
insert into "Funcionario" values (1112, 'Sallee Inchan', '962674681', 'sinchanb@webmd.com', '589-76-2872', 'Ar');
insert into "Funcionario" values (1113, 'Betty Godfery', '978941997', 'bgodferyc@nbcnews.com', '307-19-7224', 'Terra');
insert into "Funcionario" values (1114, 'Tracee De Andisie', '998884524', 'tded@nytimes.com', '470-81-6395', 'Terra');
insert into "Funcionario" values (1115, 'Vivyan Emburey', '991993309', 'vembureye@studiopress.com', '384-47-7379', 'Terra');
insert into "Funcionario" values (1116, 'Barnie Paolozzi', '911384527', 'bpaolozzif@blogs.com', '294-83-4866', 'Terra');
insert into "Funcionario" values (1117, 'Lacy Dulen', '905811608', 'lduleng@sphinn.com', '547-72-2506', 'Terra');
insert into "Funcionario" values (1118, 'Dory De Bruijne', '991546157', 'ddeh@mtv.com', '160-75-4193', 'Terra');
insert into "Funcionario" values (1119, 'Elna Naismith', '919865022', 'enaismithi@ihg.com', '625-01-0621', 'Terra');
insert into "Funcionario" values (1120, 'Lind Ratray', '986599328', 'lratrayj@accuweather.com', '477-30-4620', 'Terra');
insert into "Funcionario" values (1121, 'Agna Barnsdall', '900000021', 'abarnsdall0@sohu.com', '591-60-9788', 'Ar');
insert into "Funcionario" values (1122, 'Lauren Pond', '900000022', 'lpond1@plala.or.jp', '820-11-6069', 'Ar');
insert into "Funcionario" values (1123, 'Inesita Lafont', '900000023', 'ilafont2@google.pl', '746-97-2752', 'Ar');
insert into "Funcionario" values (1124, 'Caye Ashpital', '900000024', 'cashpital3@paginegialle.it', '256-04-9133', 'Ar');
insert into "Funcionario" values (1125, 'Wait Dossit', '900000025', 'wdossit4@hexun.com', '710-96-5060', 'Ar');
insert into "Funcionario" values (1126, 'Rosemaria Dodshon', '900000026', 'rdodshon5@ted.com', '774-32-7284', 'Ar');
insert into "Funcionario" values (1127, 'Fredelia Gavrieli', '900000027', 'fgavrieli6@npr.org', '226-77-9128', 'Ar');
insert into "Funcionario" values (1128, 'Lorita Bonnar', '900000028', 'lbonnar7@pinterest.com', '440-88-9155', 'Ar');
insert into "Funcionario" values (1129, 'Field McCathie', '900000029', 'fmccathie8@irs.gov', '887-66-4176', 'Ar');
insert into "Funcionario" values (1130, 'Helga Carlone', '900000030', 'hcarlone9@stumbleupon.com', '175-57-1653', 'Ar');
insert into "Funcionario" values (1131, 'Mervin Deeprose', '900000031', 'mdeeprosea@artisteer.com', '390-86-4163', 'Ar');
insert into "Funcionario" values (1132, 'Ross Lewis', '900000032', 'rlewisb@fotki.com', '552-67-9382', 'Ar');
insert into "Funcionario" values (1133, 'Iona Crosio', '900000033', 'icrosioc@tumblr.com', '252-07-3849', 'Terra');
insert into "Funcionario" values (1134, 'Tanny Haizelden', '900000034', 'thaizeldend@mediafire.com', '682-85-6096', 'Terra');
insert into "Funcionario" values (1135, 'Sadella O'' Liddy', '900000035', 'soe@mtv.com', '720-78-1562', 'Terra');
insert into "Funcionario" values (1136, 'Ottilie Savege', '900000036', 'osavegef@fastcompany.com', '713-28-2791', 'Ar');
insert into "Funcionario" values (1137, 'Damita Olivetta', '900000037', 'dolivettag@japanpost.jp', '233-67-3750', 'Terra');
insert into "Funcionario" values (1138, 'Todd Ledington', '900000038', 'tledingtonh@rediff.com', '715-13-5473', 'Terra');
insert into "Funcionario" values (1139, 'Joelly Batiste', '900000039', 'jbatistei@google.com.au', '329-21-9283', 'Ar');
insert into "Funcionario" values (1140, 'Cinda Dullaghan', '900000040', 'cdullaghanj@google.nl', '527-21-7158', 'Ar');
insert into "Funcionario" values (1141, 'Irina Masselin', '900000041', 'imasselink@businesswire.com', '873-17-8334', 'Terra');
insert into "Funcionario" values (1142, 'Barbie Whotton', '900000042', 'bwhottonl@google.ca', '309-41-1014', 'Ar');
insert into "Funcionario" values (1143, 'Abe Lahy', '900000043', 'alahym@umich.edu', '820-48-5869', 'Ar');
insert into "Funcionario" values (1144, 'Katine Patterfield', '900000044', 'kpatterfieldn@mlb.com', '634-12-9867', 'Ar');
insert into "Funcionario" values (1145, 'Deena Elwood', '900000045', 'delwoodo@e-recht24.de', '493-08-0651', 'Terra');
insert into "Funcionario" values (1146, 'Sanderson Willoughby', '900000046', 'swilloughbyp@studiopress.com', '523-37-5003', 'Ar');
insert into "Funcionario" values (1147, 'Bobby McCaughey', '900000047', 'bmccaugheyq@answers.com', '635-93-3784', 'Terra');
insert into "Funcionario" values (1148, 'Rosemaria Claringbold', '900000048', 'rclaringboldr@utexas.edu', '825-51-0592', 'Ar');
insert into "Funcionario" values (1149, 'Bowie Dekeyser', '900000049', 'bdekeysers@si.edu', '686-87-5082', 'Ar');
insert into "Funcionario" values (1150, 'Philis Manach', '900000050', 'pmanacht@naver.com', '153-53-5563', 'Terra');

insert into "FuncionarioAr" values (201,111);
insert into "FuncionarioAr" values (202,112);
insert into "FuncionarioAr" values (203,113);
insert into "FuncionarioAr" values (204,114);
insert into "FuncionarioAr" values (205,115);
insert into "FuncionarioAr" values (206,116);
insert into "FuncionarioAr" values (207,117);
insert into "FuncionarioAr" values (208,118);
insert into "FuncionarioAr" values (209,119);
insert into "FuncionarioAr" values (2010,1110);
insert into "FuncionarioAr" values (2011,1111);
insert into "FuncionarioAr" values (2012,1112);
insert into "FuncionarioAr" values (2013,1125);
insert into "FuncionarioAr" values (2014,1126);
insert into "FuncionarioAr" values (2015,1127);
insert into "FuncionarioAr" values (2016,1128);
insert into "FuncionarioAr" values (2017,1129);
insert into "FuncionarioAr" values (2018,1130);
insert into "FuncionarioAr" values (2019,1131);
insert into "FuncionarioAr" values (2020,1132);
insert into "FuncionarioAr" values (2021,1136);
insert into "FuncionarioAr" values (2022,1139);
insert into "FuncionarioAr" values (2023,1140);
insert into "FuncionarioAr" values (2024,1142);
insert into "FuncionarioAr" values (2025,1143);
insert into "FuncionarioAr" values (2026,1144);
insert into "FuncionarioAr" values (2027,1146);
insert into "FuncionarioAr" values (2028,1148);
insert into "FuncionarioAr" values (2029,1149);
insert into "FuncionarioAr" values (2030,1124);
insert into "FuncionarioAr" values (2031,1123);
insert into "FuncionarioAr" values (2032,1122);
insert into "FuncionarioAr" values (2033,1121);


insert into "Aeroporto" values (151, 'Porto Alegre');
insert into "Aeroporto" values (152, 'Syracuse');
insert into "Aeroporto" values (153, 'Itápolis');
insert into "Aeroporto" values (154, 'Kimakamak');
insert into "Aeroporto" values (155, 'Kiełczów');
insert into "Aeroporto" values (156, 'Chengxiang');
insert into "Aeroporto" values (157, 'Yinji');
insert into "Aeroporto" values (158, 'Ghār al Milḩ');
insert into "Aeroporto" values (159, 'Nampicuan');
insert into "Aeroporto" values (1510, 'Itapé');
insert into "Aeroporto" values (1511, 'San Jose');
insert into "Aeroporto" values (1512, 'Xaçmaz');
insert into "Aeroporto" values (1513, 'Zhukeng');
insert into "Aeroporto" values (1514, 'Clermont-Ferrand');
insert into "Aeroporto" values (1515, 'Wielichowo');
insert into "Aeroporto" values (1516, 'La Garde');
insert into "Aeroporto" values (1517, 'Obispos');
insert into "Aeroporto" values (1518, 'Paris 13');
insert into "Aeroporto" values (1519, 'Sankwia');
insert into "Aeroporto" values (1520, 'Daguma');

insert into "FuncionarioTerra" values (211,1150, 151);
insert into "FuncionarioTerra" values (212,1147, 152);
insert into "FuncionarioTerra" values (213,1145, 153);
insert into "FuncionarioTerra" values (214,1141, 154);
insert into "FuncionarioTerra" values (215,1138, 155);
insert into "FuncionarioTerra" values (216,1137, 156);
insert into "FuncionarioTerra" values (217,1134, 157);
insert into "FuncionarioTerra" values (218,1135, 158);
insert into "FuncionarioTerra" values (219,1133, 159);
insert into "FuncionarioTerra" values (2110,1111, 1511);
insert into "FuncionarioTerra" values (2111,1112, 1512);
insert into "FuncionarioTerra" values (2112,1113, 1513);
insert into "FuncionarioTerra" values (2113,1114, 1514);
insert into "FuncionarioTerra" values (2114,1115, 1515);
insert into "FuncionarioTerra" values (2115,1116, 1516);
insert into "FuncionarioTerra" values (2116,1117, 1517);
insert into "FuncionarioTerra" values (2117,1118, 1518);
insert into "FuncionarioTerra" values (2118,1119, 1519);
insert into "FuncionarioTerra" values (2119,1120, 1520);


insert into "SelfHandling" values (16171, 'manutenção de rotina', 151);
insert into "SelfHandling" values (16172, 'parqueamento', 151);
insert into "SelfHandling" values (16173, 'carregamento e descarregamento de bags, pax e cargo', 151);
insert into "SelfHandling" values (16174, 'fornecimento de energia', 154);
insert into "SelfHandling" values (16175, 'pushback', 155);
insert into "SelfHandling" values (16176, 'abastecimento de combustível e óleo', 156);
insert into "SelfHandling" values (16177, 'catering', 157);
insert into "SelfHandling" values (16178, 'limpeza dos aviões', 158);
insert into "SelfHandling" values (16179, 'load-control', 159);
insert into "SelfHandling" values (161710, 'comunicações e controlo aéreo', 1510);
insert into "SelfHandling" values (161711, 'planeamento dos voos e tripulações', 1511);
insert into "SelfHandling" values (161712, 'check-in', 1512);
insert into "SelfHandling" values (161713, 'balcões de venda de bilhetes', 1513);
insert into "SelfHandling" values (161714, 'raio-x de bagagem', 1514);
insert into "SelfHandling" values (161715, 'sala de espera', 153);
insert into "SelfHandling" values (161716, 'controlo de bagagens', 1513);
insert into "SelfHandling" values (161717, 'transporte de passageiros do avião para os terminais', 153);
insert into "SelfHandling" values (161718, 'entrada e saída nos porões das aeronaves', 1518);
insert into "SelfHandling" values (161719, 'controlo alfandegário', 154);


insert into "Rota" values (171, 151, 152);
insert into "Rota" values (172, 152, 155);
insert into "Rota" values (173, 157, 1515);
insert into "Rota" values (174, 158, 151);
insert into "Rota" values (175, 152, 153);
insert into "Rota" values (176, 156, 1513);
insert into "Rota" values (177, 1516, 1520);
insert into "Rota" values (178, 151, 154);
insert into "Rota" values (179, 156, 157);
insert into "Rota" values (1710, 157, 1512);
insert into "Rota" values (1711, 158, 153);
insert into "Rota" values (1712, 153, 154);
insert into "Rota" values (1713, 159, 1517);
insert into "Rota" values (1714, 1510, 156);
insert into "Rota" values (1715, 1511, 1512);
insert into "Rota" values (1716, 1511, 1514);
insert into "Rota" values (1717, 1512, 155);
insert into "Rota" values (1718, 1513, 1517);
insert into "Rota" values (1719, 1514, 155);
insert into "Rota" values (1720, 1515, 152);
insert into "Rota" values (1721, 1516, 1512);
insert into "Rota" values (1722, 1517, 1514);
insert into "Rota" values (1723, 1518, 1512);
insert into "Rota" values (1724, 151, 153);
insert into "Rota" values (1725, 1519, 152);


insert into "Aviao" values (181, 'Bombardier', 'Dash 8 Q400', 'CS-DMZ', 10, 151);
insert into "Aviao" values (182, 'Bombardier', 'Dash 8 Q400', 'CS-DDJ', 20, 152);
insert into "Aviao" values (183, 'Bombardier', 'Dash 8 Q400', 'CS-DXK', 30, 153);
insert into "Aviao" values (184, 'Bombardier', 'Dash 8 Q400', 'CS-KMR', 40, 154);
insert into "Aviao" values (185, 'Airbus', 'A350-1000', 'CS-BAB', 50, 155);
insert into "Aviao" values (186, 'Airbus', 'A350-1000', 'CS-LMN', 60, 156);
insert into "Aviao" values (187, 'Airbus', 'A350-1000', 'CS-FJK', 70, 157);
insert into "Aviao" values (188, 'Airbus', 'A350-1000', 'CS-TAK', 80, 158);
insert into "Aviao" values (189, 'Airbus', 'A350-1000', 'CS-JHN', 90, 159);
insert into "Aviao" values (1810, 'Boeing', '777-300', 'CS-JLQ', 100, 1510);
insert into "Aviao" values (1811, 'Boeing', '777-300', 'CS-PHP', 110, 1511);
insert into "Aviao" values (1812, 'Boeing', '777-300', 'CS-BMW', 120, 1512);
insert into "Aviao" values (1813, 'Boeing', '777-300', 'CS-GOL', 130, 1513);
insert into "Aviao" values (1814, 'Boeing', '777-300', 'CS-TAP', 140, 1514);
insert into "Aviao" values (1815, 'Embraer', 'E190-E2', 'CS-SAA', 150, 1515);
insert into "Aviao" values (1816, 'Embraer', 'E190-E2', 'CS-BRI', 16, 1516);
insert into "Aviao" values (1817, 'Embraer', 'E190-E2', 'CS-LAM', 170, 1517);
insert into "Aviao" values (1818, 'Embraer', 'E195-E2', 'CS-KLM', 18, 1518);
insert into "Aviao" values (1819, 'Embraer', 'E195-E2', 'CS-DOH', 190, 1519);
insert into "Aviao" values (1820, 'Embraer', 'E195-E2', 'CS-GHJ', 200, 1520);

insert into "PassagemAerea" values (201438812650884, 388.09, 121, 131);
insert into "PassagemAerea" values (36806409570049, 341.41, 122, 132);
insert into "PassagemAerea" values (3541832435397928, 141.77, 123, 133);
insert into "PassagemAerea" values (3546405128590524, 257.55, 124, 134);
insert into "PassagemAerea" values (5602253718986215, 486.45, 125, 135);
insert into "PassagemAerea" values (3535770990508885, 271.20, 126, 136);
insert into "PassagemAerea" values (3543264223463282, 505.83, 127, 137);
insert into "PassagemAerea" values (30137406939235, 517.82, 128, 138);
insert into "PassagemAerea" values (3539790015778780, 339.55, 129, 139);
insert into "PassagemAerea" values (3536664666749395, 177.94, 1210, 1310);
insert into "PassagemAerea" values (3549514599237478, 435.93, 1211, 1311);
insert into "PassagemAerea" values (4026207877409469, 439.94, 1212, 1312);
insert into "PassagemAerea" values (560221261090640651, 9.25, 1213, 1313);
insert into "PassagemAerea" values (5010122183480234, 984.46, 1214, 1314);
insert into "PassagemAerea" values (30122270654904, 896.46, 1215, 1315);
insert into "PassagemAerea" values (201645505707637, 94.26, 1216, 1316);
insert into "PassagemAerea" values (4844396392477208, 536.30, 1217, 1317);
insert into "PassagemAerea" values (3568489317232356, 591.71, 1218, 1318);
insert into "PassagemAerea" values (561093160124088247, 236.24, 1219, 1319);
insert into "PassagemAerea" values (4844733194751069, 616.15, 1220, 1320);

insert into "Voo" values (191, 'IA-123', 6.5, 620, 61, 171);
insert into "Voo" values (192, 'IA-234', 5.70, 5774, 65, 172);
insert into "Voo" values (193, 'IA-354', 6.05, 7785, 84, 173);
insert into "Voo" values (194, 'IA-658', 6.07, 6333, 25, 174);
insert into "Voo" values (195, 'IA-195', 4.97, 7149, 93, 175);
insert into "Voo" values (196, 'IA-097', 1.53, 3937, 25, 176);
insert into "Voo" values (197, 'IA-145', 2.68, 3754, 38, 177);
insert into "Voo" values (198, 'IA-082', 3.41, 4226, 32, 178);
insert into "Voo" values (199, 'IA-175', 1.58, 8518, 63, 179);
insert into "Voo" values (1910, 'IA-300', 4.27, 7997, 29, 1710);
insert into "Voo" values (1911, 'IA-1911', 5.47, 666, 97, 171);
insert into "Voo" values (1912, 'IA-1912', 5.80, 3292, 34, 1712);
insert into "Voo" values (1913, 'IA-1913', 6.33, 2903, 92, 1713);
insert into "Voo" values (1914, 'IA-1914', 7.01, 536, 94, 1714);
insert into "Voo" values (1915, 'IA-1915', 10.40, 9298, 34, 1715);
insert into "Voo" values (1916, 'IA-1916', 10.05, 2207, 31, 1716);
insert into "Voo" values (1917, 'IA-1917', 8.80, 871, 4, 1717);
insert into "Voo" values (1918, 'IA-1918', 3.20, 6054, 94, 1718);
insert into "Voo" values (1919, 'IA-1919', 2.95, 7123, 100, 1719);
insert into "Voo" values (1920, 'IA-1920', 9.40, 3818, 42, 1720);


insert into "DataDeVoo" values (201438812650884, 191, '2019-11-28 10:36:34', '2019-12-16 02:56:20');
insert into "DataDeVoo" values (36806409570049, 191, '2019-06-04 23:36:47', '2020-02-27 03:24:05');
insert into "DataDeVoo" values (3541832435397928, 191, '2019-04-13 21:16:19', '2019-04-08 07:48:37');
insert into "DataDeVoo" values (3546405128590524, 194, '2020-01-18 16:02:05', '2019-08-12 19:55:45');
insert into "DataDeVoo" values (5602253718986215, 195, '2019-12-08 02:44:05', '2019-08-12 22:48:56');
insert into "DataDeVoo" values (3535770990508885, 196, '2019-07-26 08:06:50', '2020-01-24 03:27:39');
insert into "DataDeVoo" values (3543264223463282, 197, '2019-12-22 17:04:12', '2019-08-06 08:39:53');
insert into "DataDeVoo" values (30137406939235, 198, '2019-07-17 10:40:22', '2019-06-16 06:32:31');
insert into "DataDeVoo" values (3539790015778780, 199, '2020-01-02 20:14:38', '2019-08-17 18:25:15');
insert into "DataDeVoo" values (3536664666749395, 1910, '2020-02-02 12:49:49', '2019-05-06 02:48:28');
insert into "DataDeVoo" values (3549514599237478, 1911, '2020-02-08 02:24:23', '2020-03-21 02:57:57');
insert into "DataDeVoo" values (4026207877409469, 1912, '2019-12-05 08:14:19', '2019-11-12 02:32:54');
insert into "DataDeVoo" values (560221261090640651, 1913, '2019-09-14 14:32:32', '2019-11-16 00:50:15');
insert into "DataDeVoo" values (5010122183480234, 1914, '2019-11-03 01:44:52', '2019-08-14 10:32:09');
insert into "DataDeVoo" values (30122270654904, 1915, '2019-09-22 16:33:26', '2019-04-19 18:58:30');
insert into "DataDeVoo" values (201645505707637, 1916, '2020-02-07 22:03:08', '2019-09-19 18:23:48');
insert into "DataDeVoo" values (4844396392477208, 1917, '2019-12-06 19:41:36', '2019-07-04 00:32:34');
insert into "DataDeVoo" values (3568489317232356, 1918, '2019-08-02 07:47:57', '2020-02-22 13:54:22');
insert into "DataDeVoo" values (561093160124088247, 1919, '2019-10-30 00:24:22', '2020-01-10 20:36:19');
insert into "DataDeVoo" values (4844733194751069, 1920, '2019-11-10 01:54:09', '2019-08-25 05:49:06');


insert into "FuncionarioArAviao" values (201,111,181);
insert into "FuncionarioArAviao" values (202,112,182);
insert into "FuncionarioArAviao" values (203,113,183);
insert into "FuncionarioArAviao" values (204,114,184);
insert into "FuncionarioArAviao" values (205,115,185);
insert into "FuncionarioArAviao" values (206,116,186);
insert into "FuncionarioArAviao" values (207,117,187);
insert into "FuncionarioArAviao" values (208,118,188);
insert into "FuncionarioArAviao" values (209,119,189);
insert into "FuncionarioArAviao" values (2010,1110,1810);
insert into "FuncionarioArAviao" values (2011,1111,1811);
insert into "FuncionarioArAviao" values (2012,1112,1812);
insert into "FuncionarioArAviao" values (2017,1129,1813);
insert into "FuncionarioArAviao" values (2013,1125,1814);
insert into "FuncionarioArAviao" values (2014,1126,1815);
insert into "FuncionarioArAviao" values (2015,1127,1816);
insert into "FuncionarioArAviao" values (2016,1128,1817);
insert into "FuncionarioArAviao" values (2018,1130,1818);
insert into "FuncionarioArAviao" values (2019,1131,1819);
insert into "FuncionarioArAviao" values (2020,1132,1820);
insert into "FuncionarioArAviao" values (2021,1136,181);
insert into "FuncionarioArAviao" values (2022,1139,182);
insert into "FuncionarioArAviao" values (2023,1140,182);
insert into "FuncionarioArAviao" values (2024,1142,183);
insert into "FuncionarioArAviao" values (2025,1143,184);
insert into "FuncionarioArAviao" values (2026,1144,185);
insert into "FuncionarioArAviao" values (2027,1146,186);
insert into "FuncionarioArAviao" values (2028,1148,187);
insert into "FuncionarioArAviao" values (2029,1149,188);
insert into "FuncionarioArAviao" values (2030,1124,189);
insert into "FuncionarioArAviao" values (2031,1123,1810);
insert into "FuncionarioArAviao" values (2032,1122,1811);
insert into "FuncionarioArAviao" values (2033,1121,1812);



insert into "FuncionarioArVoo" values (201,111,191);
insert into "FuncionarioArVoo" values (202,112,192);
insert into "FuncionarioArVoo" values (203,113,193);
insert into "FuncionarioArVoo" values (204,114,194);
insert into "FuncionarioArVoo" values (205,115,195);
insert into "FuncionarioArVoo" values (206,116,196);
insert into "FuncionarioArVoo" values (207,117,197);
insert into "FuncionarioArVoo" values (208,118,198);
insert into "FuncionarioArVoo" values (209,119,199);
insert into "FuncionarioArVoo" values (2010,1110,1910);
insert into "FuncionarioArVoo" values (2011,1111,1911);
insert into "FuncionarioArVoo" values (2012,1112,1912);
insert into "FuncionarioArVoo" values (2017,1129,1913);
insert into "FuncionarioArVoo" values (2013,1125,1914);
insert into "FuncionarioArVoo" values (2014,1126,1915);
insert into "FuncionarioArVoo" values (2015,1127,1916);
insert into "FuncionarioArVoo" values (2016,1128,1917);
insert into "FuncionarioArVoo" values (2018,1130,1918);
insert into "FuncionarioArVoo" values (2019,1131,1919);
insert into "FuncionarioArVoo" values (2020,1132,1920);
insert into "FuncionarioArVoo" values (2021,1136,191);
insert into "FuncionarioArVoo" values (2022,1139,192);
insert into "FuncionarioArVoo" values (2023,1140,192);
insert into "FuncionarioArVoo" values (2024,1142,193);
insert into "FuncionarioArVoo" values (2025,1143,194);
insert into "FuncionarioArVoo" values (2026,1144,195);
insert into "FuncionarioArVoo" values (2027,1146,196);
insert into "FuncionarioArVoo" values (2028,1148,197);
insert into "FuncionarioArVoo" values (2029,1149,198);
insert into "FuncionarioArVoo" values (2030,1124,199);
insert into "FuncionarioArVoo" values (2031,1123,1910);
insert into "FuncionarioArVoo" values (2032,1122,1911);
insert into "FuncionarioArVoo" values (2033,1121,1912);

insert into "VooAviao" values (191, 181);
insert into "VooAviao" values (192, 181);
insert into "VooAviao" values (193, 181);
insert into "VooAviao" values (194, 184);
insert into "VooAviao" values (195, 185);
insert into "VooAviao" values (196, 186);
insert into "VooAviao" values (197, 187);
insert into "VooAviao" values (198, 188);
insert into "VooAviao" values (199, 189);
insert into "VooAviao" values (1910,1810);
insert into "VooAviao" values (1911,1811);
insert into "VooAviao" values (1912,1812);
insert into "VooAviao" values (1913,1813);
insert into "VooAviao" values (1914,1814);
insert into "VooAviao" values (1915,1815);
insert into "VooAviao" values (1916,1816);
insert into "VooAviao" values (1917,1817);
insert into "VooAviao" values (1918,1818);
insert into "VooAviao" values (1919,1819);
insert into "VooAviao" values (1920,1820);
